[{"model": "events.user", "pk": 1, "fields": {"password": "pbkdf2_sha256$870000$5LWEtosuHf147ARtfZGXua$QUum+Zt/RljsxX75LQBVmf91FMG/0xi+MbMGs8pN0pQ=", "last_login": "2025-09-27T12:16:11.385Z", "is_superuser": true, "username": "rye", "first_name": "", "last_name": "", "email": "negin862@gmail.com", "is_staff": true, "is_active": true, "date_joined": "2025-01-28T10:55:37Z", "is_organizer": true, "is_attendee": false, "interests": "", "groups": [], "user_permissions": []}}, {"model": "events.user", "pk": 2, "fields": {"password": "pbkdf2_sha256$870000$Oqx0Ofs5FwlSOg1NqQETBg$Tudmtx9rJydoasJwOAQg3XtO3vkFA6nZNlwnXZpJVEY=", "last_login": "2025-02-10T13:42:21.439Z", "is_superuser": false, "username": "foo", "first_name": "", "last_name": "", "email": "foo@example.com", "is_staff": false, "is_active": true, "date_joined": "2025-01-28T13:09:54.068Z", "is_organizer": false, "is_attendee": false, "interests": "", "groups": [], "user_permissions": []}}, {"model": "events.user", "pk": 3, "fields": {"password": "pbkdf2_sha256$870000$ve3FgfO6CIz0hQOHsZ5Mj4$91kYc9roUR3SMJGsoHlnL6Yok0/DPNsrBUqOB7iQ81A=", "last_login": "2025-02-02T09:35:10.534Z", "is_superuser": false, "username": "harry", "first_name": "", "last_name": "", "email": "harry@potter.com", "is_staff": false, "is_active": true, "date_joined": "2025-02-02T08:39:35.519Z", "is_organizer": false, "is_attendee": false, "interests": "", "groups": [], "user_permissions": []}}, {"model": "events.user", "pk": 4, "fields": {"password": "pbkdf2_sha256$870000$cjdiO0XV4RTBsBaiJwH3TB$UHEck3Lj2rXGfnnIJpEHztm3Uxqqxtjb4OtNuGm8LPU=", "last_login": "2025-02-20T09:02:37.510Z", "is_superuser": false, "username": "foobarbaz", "first_name": "", "last_name": "", "email": "crazynegin@gmail.com", "is_staff": false, "is_active": true, "date_joined": "2025-02-20T08:54:57.644Z", "is_organizer": false, "is_attendee": false, "interests": "", "groups": [], "user_permissions": []}}, {"model": "events.user", "pk": 5, "fields": {"password": "pbkdf2_sha256$870000$OobHfnuf4uKAOuIRfsCpam$0TZgDLJs4UNmTDswyEV+qi4I7Aqlh6xZ2zEJrhKd5RE=", "last_login": "2025-09-21T09:20:59.243Z", "is_superuser": false, "username": "Ryethedreamer", "first_name": "", "last_name": "", "email": "negin862@gmail.com", "is_staff": false, "is_active": true, "date_joined": "2025-09-21T09:20:58.517Z", "is_organizer": false, "is_attendee": false, "interests": "", "groups": [], "user_permissions": []}}, {"model": "events.user", "pk": 6, "fields": {"password": "pbkdf2_sha256$870000$gaKkszfV3whn7s7ujWmmks$/CSSbyFEXeJciTIN3DpsLMxlDSTpd5zszdJ3YbqDkgI=", "last_login": "2025-09-27T09:35:23.491Z", "is_superuser": false, "username": "bar", "first_name": "", "last_name": "", "email": "bar@example.com", "is_staff": false, "is_active": true, "date_joined": "2025-09-21T09:59:10Z", "is_organizer": false, "is_attendee": true, "interests": "", "groups": [], "user_permissions": []}}, {"model": "events.user", "pk": 7, "fields": {"password": "pbkdf2_sha256$870000$wdrgPKh7YkvZLqdZhP4zCA$aQ3fNF30p9/7+5hRo1BaZsr66vkrhTDw7VM4tjMECBE=", "last_login": "2025-09-21T10:21:24.845Z", "is_superuser": false, "username": "negin", "first_name": "", "last_name": "", "email": "negin862@gmail.com", "is_staff": false, "is_active": true, "date_joined": "2025-09-21T10:21:24.225Z", "is_organizer": false, "is_attendee": false, "interests": "", "groups": [], "user_permissions": []}}, {"model": "events.user", "pk": 8, "fields": {"password": "pbkdf2_sha256$870000$LqSUju5YVPmvt9AMs7CwP3$kAFCyJNEA9QfZcMzmSqdng31l+3V+ghSnB4H36kBXcc=", "last_login": "2025-09-27T10:34:29.396Z", "is_superuser": false, "username": "guest", "first_name": "", "last_name": "", "email": "guest@example.com", "is_staff": false, "is_active": true, "date_joined": "2025-09-27T10:34:28.702Z", "is_organizer": false, "is_attendee": false, "interests": "", "groups": [], "user_permissions": []}}, {"model": "events.user", "pk": 9, "fields": {"password": "pbkdf2_sha256$870000$SF0StbcvWz8V51Vhny21Fm$c34bk2QFWa6L2za2sna1VztuoiTuL+Va0erfUP2Z4dQ=", "last_login": "2025-09-27T10:56:24.339Z", "is_superuser": false, "username": "test", "first_name": "", "last_name": "", "email": "test@example.com", "is_staff": false, "is_active": true, "date_joined": "2025-09-27T10:44:21.810Z", "is_organizer": true, "is_attendee": false, "interests": "", "groups": [], "user_permissions": []}}, {"model": "events.user", "pk": 10, "fields": {"password": "pbkdf2_sha256$870000$E4wgoNbHBBzc2R1m9L2uWs$prWc9JnSE8o0DvneKz35Q6g2/UPR5r9DOCKf5kukHXc=", "last_login": "2025-11-24T13:50:04.117Z", "is_superuser": false, "username": "crazy", "first_name": "", "last_name": "", "email": "crazynegin@gmail.com", "is_staff": false, "is_active": true, "date_joined": "2025-11-24T13:50:03.453Z", "is_organizer": false, "is_attendee": false, "interests": "", "groups": [], "user_permissions": []}}, {"model": "events.event", "pk": 1, "fields": {"title": "Karoke", "description": "Sing your heart out and enjoy a night of music, laughter, and community at our lively karaoke event!", "category": "social", "organizer": 1, "location": "McLaren's Pub", "date": "2025-01-31", "time": "20:00:00", "image": "event-images/karaoke.png", "status": "past", "tickets_available": 100, "price": "8.00", "created_at": "2025-01-28T13:10:37.995Z", "updated_at": "2025-02-10T12:46:36.646Z"}}, {"model": "events.event", "pk": 3, "fields": {"title": "Book Club", "description": "We're gonna delve into A Space Odyssey.", "category": "social", "organizer": 1, "location": "Strand Bookstore", "date": "2025-09-06", "time": "18:00:00", "image": "event-images/bookclub_q0QKCfd.png", "status": "past", "tickets_available": 10, "price": "5.00", "created_at": "2025-02-07T14:14:24.316Z", "updated_at": "2025-02-10T12:46:36.666Z"}}, {"model": "events.event", "pk": 4, "fields": {"title": "Concert", "description": "Experience an unforgettable night of live music and energy at our upcoming concert!", "category": "entertainment", "organizer": 1, "location": "The O2", "date": "2025-09-30", "time": "18:00:00", "image": "event-images/concert.jpg", "status": "canceled", "tickets_available": 100, "price": "50.00", "created_at": "2025-02-20T09:00:54.637Z", "updated_at": "2025-02-20T09:02:08.025Z"}}, {"model": "events.event", "pk": 7, "fields": {"title": "Run Club", "description": "Join us for a fun and energizing run with fellow fitness enthusiasts!", "category": "sports", "organizer": 1, "location": "Central Park", "date": "2025-09-28", "time": "06:00:00", "image": "event-images/run_gjmMhPP.jpg", "status": "sold_out", "tickets_available": 10, "price": "1.00", "created_at": "2025-09-21T10:19:12.873Z", "updated_at": "2025-09-21T10:19:12.873Z"}}, {"model": "events.event", "pk": 8, "fields": {"title": "Urban Gardening Workshop", "description": "Learn how to pot, care for, and style your own indoor plants. A hands-on workshop perfect for beginners or plant lovers looking to expand their green space.", "category": "niche", "organizer": 9, "location": "Riverside Park", "date": "2025-10-10", "time": "16:00:00", "image": "event-images/gardening.jpg", "status": "active", "tickets_available": 25, "price": "15.00", "created_at": "2025-09-27T11:13:03.397Z", "updated_at": "2025-09-27T11:13:03.397Z"}}, {"model": "events.ticket", "pk": 1, "fields": {"event": 1, "attender": 1, "quantity": 4, "purchased_on": "2025-01-29T08:40:05.088Z"}}, {"model": "events.ticket", "pk": 2, "fields": {"event": 1, "attender": 1, "quantity": 4, "purchased_on": "2025-01-29T08:40:23.759Z"}}, {"model": "events.ticket", "pk": 3, "fields": {"event": 1, "attender": 1, "quantity": 4, "purchased_on": "2025-01-29T08:40:37.686Z"}}, {"model": "events.ticket", "pk": 4, "fields": {"event": 1, "attender": 1, "quantity": 4, "purchased_on": "2025-01-29T08:42:18.693Z"}}, {"model": "events.ticket", "pk": 5, "fields": {"event": 1, "attender": 1, "quantity": 4, "purchased_on": "2025-01-29T08:42:27.100Z"}}, {"model": "events.ticket", "pk": 22, "fields": {"event": 1, "attender": 1, "quantity": 3, "purchased_on": "2025-02-02T10:23:46.651Z"}}, {"model": "events.ticket", "pk": 23, "fields": {"event": 1, "attender": 1, "quantity": 3, "purchased_on": "2025-02-02T10:24:41.740Z"}}, {"model": "events.ticket", "pk": 24, "fields": {"event": 1, "attender": 1, "quantity": 3, "purchased_on": "2025-02-02T10:25:04.190Z"}}, {"model": "events.ticket", "pk": 25, "fields": {"event": 1, "attender": 1, "quantity": 3, "purchased_on": "2025-02-02T10:25:12.544Z"}}, {"model": "events.ticket", "pk": 26, "fields": {"event": 1, "attender": 1, "quantity": 3, "purchased_on": "2025-02-02T10:25:15.235Z"}}, {"model": "events.ticket", "pk": 27, "fields": {"event": 1, "attender": 1, "quantity": 3, "purchased_on": "2025-02-02T10:25:19.286Z"}}, {"model": "events.ticket", "pk": 28, "fields": {"event": 1, "attender": 1, "quantity": 3, "purchased_on": "2025-02-02T10:25:31.854Z"}}, {"model": "events.ticket", "pk": 29, "fields": {"event": 1, "attender": 1, "quantity": 3, "purchased_on": "2025-02-02T10:26:21.870Z"}}, {"model": "events.ticket", "pk": 30, "fields": {"event": 1, "attender": 1, "quantity": 3, "purchased_on": "2025-02-02T10:26:47.296Z"}}, {"model": "events.ticket", "pk": 31, "fields": {"event": 1, "attender": 1, "quantity": 3, "purchased_on": "2025-02-02T10:28:50.551Z"}}, {"model": "events.ticket", "pk": 32, "fields": {"event": 1, "attender": 1, "quantity": 3, "purchased_on": "2025-02-02T10:29:11.130Z"}}, {"model": "events.ticket", "pk": 33, "fields": {"event": 1, "attender": 1, "quantity": 3, "purchased_on": "2025-02-02T10:31:53.532Z"}}, {"model": "events.ticket", "pk": 34, "fields": {"event": 1, "attender": 1, "quantity": 3, "purchased_on": "2025-02-02T10:32:18.604Z"}}, {"model": "events.ticket", "pk": 35, "fields": {"event": 1, "attender": 1, "quantity": 3, "purchased_on": "2025-02-02T10:34:50.808Z"}}, {"model": "events.ticket", "pk": 36, "fields": {"event": 1, "attender": 1, "quantity": 3, "purchased_on": "2025-02-02T10:35:07.064Z"}}, {"model": "events.ticket", "pk": 38, "fields": {"event": 1, "attender": 2, "quantity": 3, "purchased_on": "2025-02-02T10:41:08.540Z"}}, {"model": "events.ticket", "pk": 41, "fields": {"event": 1, "attender": 2, "quantity": 5, "purchased_on": "2025-02-02T13:34:00.607Z"}}, {"model": "events.ticket", "pk": 43, "fields": {"event": 1, "attender": 2, "quantity": 1, "purchased_on": "2025-02-09T11:44:27.998Z"}}, {"model": "events.ticket", "pk": 44, "fields": {"event": 3, "attender": 2, "quantity": 4, "purchased_on": "2025-02-09T11:44:35.051Z"}}, {"model": "events.ticket", "pk": 45, "fields": {"event": 7, "attender": 6, "quantity": 1, "purchased_on": "2025-09-21T10:20:21.539Z"}}, {"model": "events.ticket", "pk": 46, "fields": {"event": 7, "attender": 7, "quantity": 1, "purchased_on": "2025-09-21T10:21:36.485Z"}}, {"model": "events.ticket", "pk": 47, "fields": {"event": 7, "attender": 3, "quantity": 2, "purchased_on": "2025-09-25T08:37:03.646Z"}}, {"model": "events.ticket", "pk": 48, "fields": {"event": 7, "attender": 9, "quantity": 1, "purchased_on": "2025-09-25T08:37:20.974Z"}}, {"model": "events.ticket", "pk": 49, "fields": {"event": 7, "attender": 8, "quantity": 2, "purchased_on": "2025-09-27T10:39:43.800Z"}}, {"model": "events.ticket", "pk": 50, "fields": {"event": 7, "attender": 9, "quantity": 1, "purchased_on": "2025-09-27T10:44:27.426Z"}}, {"model": "events.ticket", "pk": 51, "fields": {"event": 7, "attender": 9, "quantity": 2, "purchased_on": "2025-09-27T10:46:25.762Z"}}, {"model": "events.ticket", "pk": 52, "fields": {"event": 8, "attender": 10, "quantity": 1, "purchased_on": "2025-11-24T13:50:15.964Z"}}, {"model": "events.ticket", "pk": 53, "fields": {"event": 8, "attender": 10, "quantity": 1, "purchased_on": "2025-11-24T13:50:53.959Z"}}, {"model": "events.ticket", "pk": 54, "fields": {"event": 8, "attender": 10, "quantity": 4, "purchased_on": "2025-11-24T13:56:38.895Z"}}, {"model": "django_celery_beat.intervalschedule", "pk": 1, "fields": {"every": 24, "period": "hours"}}, {"model": "django_celery_beat.periodictasks", "pk": 1, "fields": {"last_update": "2025-02-10T11:52:22.474Z"}}, {"model": "django_celery_beat.periodictask", "pk": 1, "fields": {"name": "Update past events status", "task": "events.tasks.update_past_events_status", "interval": 1, "crontab": null, "solar": null, "clocked": null, "args": "[]", "kwargs": "{}", "queue": null, "exchange": null, "routing_key": null, "headers": "{}", "priority": null, "expires": null, "expire_seconds": null, "one_off": false, "start_time": null, "enabled": true, "last_run_at": null, "total_run_count": 0, "date_changed": "2025-02-10T11:52:22.446Z", "description": ""}}, {"model": "admin.logentry", "pk": 1, "fields": {"action_time": "2025-02-02T08:18:43.078Z", "user": 1, "content_type": 2, "object_id": "1", "object_repr": "rye", "action_flag": 2, "change_message": "[{\"changed\": {\"fields\": [\"Is organizer\"]}}]"}}, {"model": "admin.logentry", "pk": 2, "fields": {"action_time": "2025-02-02T10:35:33.392Z", "user": 1, "content_type": 3, "object_id": "1", "object_repr": "karoke", "action_flag": 2, "change_message": "[{\"changed\": {\"fields\": [\"Price\"]}}]"}}, {"model": "admin.logentry", "pk": 3, "fields": {"action_time": "2025-02-02T10:39:58.032Z", "user": 1, "content_type": 3, "object_id": "1", "object_repr": "karoke", "action_flag": 2, "change_message": "[{\"changed\": {\"fields\": [\"Organizer\"]}}]"}}, {"model": "admin.logentry", "pk": 4, "fields": {"action_time": "2025-02-02T11:31:41.235Z", "user": 1, "content_type": 3, "object_id": "2", "object_repr": "Book Club", "action_flag": 2, "change_message": "[{\"changed\": {\"fields\": [\"Tickets available\", \"Price\"]}}]"}}, {"model": "admin.logentry", "pk": 5, "fields": {"action_time": "2025-02-02T11:31:53.473Z", "user": 1, "content_type": 3, "object_id": "1", "object_repr": "karoke", "action_flag": 2, "change_message": "[{\"changed\": {\"fields\": [\"Tickets available\"]}}]"}}, {"model": "admin.logentry", "pk": 6, "fields": {"action_time": "2025-02-02T11:52:18.071Z", "user": 1, "content_type": 3, "object_id": "2", "object_repr": "Book Club", "action_flag": 2, "change_message": "[{\"changed\": {\"fields\": [\"Tickets available\"]}}]"}}, {"model": "admin.logentry", "pk": 7, "fields": {"action_time": "2025-02-02T13:18:29.083Z", "user": 1, "content_type": 3, "object_id": "2", "object_repr": "Book Club", "action_flag": 2, "change_message": "[{\"changed\": {\"fields\": [\"Image\"]}}]"}}, {"model": "admin.logentry", "pk": 8, "fields": {"action_time": "2025-02-02T13:26:20.598Z", "user": 1, "content_type": 3, "object_id": "2", "object_repr": "Book Club", "action_flag": 2, "change_message": "[{\"changed\": {\"fields\": [\"Tickets available\"]}}]"}}, {"model": "admin.logentry", "pk": 9, "fields": {"action_time": "2025-02-07T11:53:08.045Z", "user": 1, "content_type": 3, "object_id": "2", "object_repr": "Book Club", "action_flag": 2, "change_message": "[{\"changed\": {\"fields\": [\"Status\"]}}]"}}, {"model": "admin.logentry", "pk": 10, "fields": {"action_time": "2025-09-21T13:58:18.028Z", "user": 1, "content_type": 3, "object_id": "4", "object_repr": "Concert", "action_flag": 2, "change_message": "[{\"changed\": {\"fields\": [\"Status\"]}}]"}}, {"model": "admin.logentry", "pk": 11, "fields": {"action_time": "2025-09-27T09:08:59.853Z", "user": 1, "content_type": 3, "object_id": "7", "object_repr": "Run Club", "action_flag": 2, "change_message": "[{\"changed\": {\"fields\": [\"Organizer\"]}}]"}}, {"model": "admin.logentry", "pk": 12, "fields": {"action_time": "2025-09-27T09:09:53.367Z", "user": 1, "content_type": 3, "object_id": "7", "object_repr": "Run Club", "action_flag": 2, "change_message": "[{\"changed\": {\"fields\": [\"Date\", \"Time\", \"Status\", \"Price\"]}}]"}}, {"model": "admin.logentry", "pk": 13, "fields": {"action_time": "2025-09-27T09:10:36.319Z", "user": 1, "content_type": 3, "object_id": "4", "object_repr": "Concert", "action_flag": 2, "change_message": "[{\"changed\": {\"fields\": [\"Date\", \"Time\", \"Status\", \"Tickets available\"]}}]"}}, {"model": "admin.logentry", "pk": 14, "fields": {"action_time": "2025-09-27T09:11:21.480Z", "user": 1, "content_type": 3, "object_id": "3", "object_repr": "Book Club", "action_flag": 2, "change_message": "[{\"changed\": {\"fields\": [\"Date\", \"Time\", \"Status\", \"Tickets available\"]}}]"}}, {"model": "admin.logentry", "pk": 15, "fields": {"action_time": "2025-09-27T09:12:06.258Z", "user": 1, "content_type": 3, "object_id": "3", "object_repr": "Book Club", "action_flag": 2, "change_message": "[{\"changed\": {\"fields\": [\"Description\"]}}]"}}, {"model": "admin.logentry", "pk": 16, "fields": {"action_time": "2025-09-27T09:13:47.167Z", "user": 1, "content_type": 3, "object_id": "1", "object_repr": "Karoke", "action_flag": 2, "change_message": "[{\"changed\": {\"fields\": [\"Title\", \"Description\", \"Location\", \"Tickets available\"]}}]"}}, {"model": "admin.logentry", "pk": 17, "fields": {"action_time": "2025-09-27T09:14:17.730Z", "user": 1, "content_type": 3, "object_id": "4", "object_repr": "Concert", "action_flag": 2, "change_message": "[{\"changed\": {\"fields\": [\"Description\"]}}]"}}, {"model": "admin.logentry", "pk": 18, "fields": {"action_time": "2025-09-27T09:14:41.656Z", "user": 1, "content_type": 3, "object_id": "4", "object_repr": "Concert", "action_flag": 2, "change_message": "[{\"changed\": {\"fields\": [\"Location\"]}}]"}}, {"model": "admin.logentry", "pk": 19, "fields": {"action_time": "2025-09-27T09:15:48.928Z", "user": 1, "content_type": 3, "object_id": "3", "object_repr": "Book Club", "action_flag": 2, "change_message": "[{\"changed\": {\"fields\": [\"Location\"]}}]"}}, {"model": "admin.logentry", "pk": 20, "fields": {"action_time": "2025-09-27T09:16:07.025Z", "user": 1, "content_type": 3, "object_id": "4", "object_repr": "Concert", "action_flag": 2, "change_message": "[{\"changed\": {\"fields\": [\"Date\"]}}]"}}, {"model": "admin.logentry", "pk": 21, "fields": {"action_time": "2025-09-27T09:16:46.647Z", "user": 1, "content_type": 3, "object_id": "1", "object_repr": "Karoke", "action_flag": 2, "change_message": "[{\"changed\": {\"fields\": [\"Date\", \"Time\"]}}]"}}, {"model": "admin.logentry", "pk": 22, "fields": {"action_time": "2025-09-27T09:18:19.556Z", "user": 1, "content_type": 3, "object_id": "1", "object_repr": "Karoke", "action_flag": 2, "change_message": "[{\"changed\": {\"fields\": [\"Status\"]}}]"}}, {"model": "admin.logentry", "pk": 23, "fields": {"action_time": "2025-09-27T09:19:23.299Z", "user": 1, "content_type": 3, "object_id": "7", "object_repr": "Run Club", "action_flag": 2, "change_message": "[{\"changed\": {\"fields\": [\"Tickets available\"]}}]"}}, {"model": "admin.logentry", "pk": 24, "fields": {"action_time": "2025-09-27T09:29:07.652Z", "user": 1, "content_type": 3, "object_id": "1", "object_repr": "Karoke", "action_flag": 2, "change_message": "[{\"changed\": {\"fields\": [\"Tickets available\"]}}]"}}, {"model": "admin.logentry", "pk": 25, "fields": {"action_time": "2025-09-27T09:34:58.159Z", "user": 1, "content_type": 2, "object_id": "6", "object_repr": "bar", "action_flag": 2, "change_message": "[{\"changed\": {\"fields\": [\"Is organizer\", \"Is attendee\"]}}]"}}, {"model": "admin.logentry", "pk": 26, "fields": {"action_time": "2025-09-27T11:25:13.771Z", "user": 1, "content_type": 5, "object_id": "48", "object_repr": "1 tickets for Run Club by foo", "action_flag": 2, "change_message": "[{\"changed\": {\"fields\": [\"Attender\"]}}]"}}, {"model": "admin.logentry", "pk": 27, "fields": {"action_time": "2025-09-27T11:25:21.563Z", "user": 1, "content_type": 5, "object_id": "47", "object_repr": "2 tickets for Run Club by foo", "action_flag": 2, "change_message": "[{\"changed\": {\"fields\": [\"Attender\"]}}]"}}, {"model": "admin.logentry", "pk": 28, "fields": {"action_time": "2025-09-27T11:25:27.622Z", "user": 1, "content_type": 5, "object_id": "47", "object_repr": "2 tickets for Run Club by harry", "action_flag": 2, "change_message": "[{\"changed\": {\"fields\": [\"Attender\"]}}]"}}, {"model": "admin.logentry", "pk": 29, "fields": {"action_time": "2025-09-27T11:25:43.696Z", "user": 1, "content_type": 5, "object_id": "48", "object_repr": "1 tickets for Run Club by test", "action_flag": 2, "change_message": "[{\"changed\": {\"fields\": [\"Attender\"]}}]"}}, {"model": "admin.logentry", "pk": 30, "fields": {"action_time": "2025-09-27T11:57:10.968Z", "user": 1, "content_type": 3, "object_id": "3", "object_repr": "Book Club", "action_flag": 2, "change_message": "[{\"changed\": {\"fields\": [\"Status\"]}}]"}}, {"model": "sessions.session", "pk": "1ohj1byvq0z2k6xsbizdmt3w6j0q1ivl", "fields": {"session_data": ".eJxVjEEOwiAQRe_C2hCg0hlcuu8ZyNAZpGpoUtqV8e7apAvd_vfef6lI21ri1mSJE6uLsur0uyUaH1J3wHeqt1mPc12XKeld0QdtephZntfD_Tso1Mq37p0BCt4QAnoKZHPIyYczsiPsPCZxNhnugGBksCy9QcyGk0AAJ1a9P9CmN7Q:1tclMw:6OJCGJLRdjhvTFSFJedEt2pEEz1q6jCunGES3ZGryow", "expire_date": "2025-02-11T13:11:06.822Z"}}, {"model": "sessions.session", "pk": "c79wpl1uw8omu0y73ia53knng2zjvfxd", "fields": {"session_data": ".eJxVjMEOwiAQRP-FsyEsCIhH7_0GssuCVA1NSnsy_rtt0oMeZ96beYuI61Lj2vMcRxZXocXptyNMz9x2wA9s90mmqS3zSHJX5EG7HCbOr9vh_h1U7HVbO-8SG1sK2gDAxbMBMM6RSk6jZUwXTcaYkM8cXCDgBMpvEUtRxEp8vuU-OCo:1thU3J:D58gmH_WcLx1xYnclqY_W0mYozB8zTbIGa1xL6dIKJo", "expire_date": "2025-02-24T13:42:21.460Z"}}, {"model": "sessions.session", "pk": "eowjl6p8b6wl4edjwrpdo4cxpkrse222", "fields": {"session_data": ".eJxVjEEOwiAQRe_C2hCg0hlcuu8ZyNAZpGpoUtqV8e7apAvd_vfef6lI21ri1mSJE6uLsur0uyUaH1J3wHeqt1mPc12XKeld0QdtephZntfD_Tso1Mq37p0BCt4QAnoKZHPIyYczsiPsPCZxNhnugGBksCy9QcyGk0AAJ1a9P9CmN7Q:1v2TqV:CPvyuIGbFWBvwhs0YvuSJnxvdZAf4HnQ1Q699Pqufoc", "expire_date": "2025-10-11T12:16:11.420Z"}}, {"model": "sessions.session", "pk": "lznwtk98sdjy4f5jr54kbx0dm2ze8rc5", "fields": {"session_data": ".eJxVjMsOwiAQRf-FtSECZRhcuu83NDM8pGogKe3K-O_apAvd3nPOfYmJtrVMW0_LNEdxEYM4_W5M4ZHqDuKd6q3J0Oq6zCx3RR60y7HF9Lwe7t9BoV6-dWBCVIMDOCfPxlkMFtgrDwEca8PsrdeQFHltEZEUc87aWBeyVsaI9wfMbjcs:1tl2S5:NixgFmpuhFYYJgXs7oFIvBOu7zGq6et7omg2aFLpgRA", "expire_date": "2025-03-06T09:02:37.531Z"}}, {"model": "sessions.session", "pk": "mczvqcw0fh6qpv9ptpyy04rh27eu735p", "fields": {"session_data": ".eJxVjMsOwiAQRf-FtSEMDBRcuvcbmoEZbNXQpI-V8d-1SRe6veec-1I9bevQb4vM_cjqrMCo0--YqTyk7YTv1G6TLlNb5zHrXdEHXfR1YnleDvfvYKBl-NadFcZKVUrnvPVYLVqTwEdOLrIFAfScnYGYTZfRIbgQKXCKAlSCUe8P8pE3Ow:1vNWxA:umeELP7avbWRE3HvTw5v5llSdOOPgERAzH0JXREjY8A", "expire_date": "2025-12-08T13:50:04.139Z"}}, {"model": "sessions.session", "pk": "ytevi01nyumubtauzan5rkqlnbzrwd8h", "fields": {"session_data": ".eJxVjEEOwiAQRe_C2hCg0hlcuu8ZyNAZpGpoUtqV8e7apAvd_vfef6lI21ri1mSJE6uLsur0uyUaH1J3wHeqt1mPc12XKeld0QdtephZntfD_Tso1Mq37p0BCt4QAnoKZHPIyYczsiPsPCZxNhnugGBksCy9QcyGk0AAJ1a9P9CmN7Q:1tgLHz:lUsXhQr-ldR3bSmeUvtfmvvuTZz0vt3qqXjkDU9t9Pg", "expire_date": "2025-02-21T10:08:47.281Z"}}]